{"cameraMode":{"drawMode":0,"name":"Shaded","section":"Shading Mode"},"sceneLighting":false,"audioPlay":false,"sceneViewState":{"m_AlwaysRefresh":false,"showFog":true,"showSkybox":false,"showFlares":true,"showImageEffects":true,"showParticleSystems":true,"showVisualEffectGraphs":true,"m_FxEnabled":true},"in2DMode":false,"pivot":{"x":0.1048571914434433,"y":0.021293265745043756,"z":-0.4791315495967865},"rotation":{"x":-0.008544023148715496,"y":-0.9857043623924255,"z":0.15988868474960328,"w":-0.05243760347366333},"size":1.2247449159622193,"orthographic":false}