{"cameraMode":{"drawMode":0,"name":"Shaded","section":"Shading Mode"},"sceneLighting":false,"audioPlay":false,"sceneViewState":{"m_AlwaysRefresh":false,"showFog":true,"showSkybox":false,"showFlares":true,"showImageEffects":true,"showParticleSystems":true,"showVisualEffectGraphs":true,"m_FxEnabled":true},"in2DMode":false,"pivot":{"x":-3.3670156002044679,"y":1.6269264221191407,"z":-3.655723810195923},"rotation":{"x":-0.22009553015232087,"y":0.05791597440838814,"z":-0.013093298301100731,"w":-0.9736722111701965},"size":0.12247461080551148,"orthographic":false}