{"cameraMode":{"drawMode":0,"name":"Shaded","section":"Shading Mode"},"sceneLighting":false,"audioPlay":false,"sceneViewState":{"m_AlwaysRefresh":false,"showFog":true,"showSkybox":false,"showFlares":true,"showImageEffects":true,"showParticleSystems":true,"showVisualEffectGraphs":true,"m_FxEnabled":true},"in2DMode":false,"pivot":{"x":0.0011242926120758057,"y":4.392129421234131,"z":-0.07644402980804444},"rotation":{"x":-0.3857556879520416,"y":0.08484171330928803,"z":-0.03568938001990318,"w":-0.9180060625076294},"size":6.054619789123535,"orthographic":false}