{"cameraMode":{"drawMode":0,"name":"Shaded","section":"Shading Mode"},"sceneLighting":false,"audioPlay":false,"sceneViewState":{"m_AlwaysRefresh":false,"showFog":true,"showSkybox":false,"showFlares":true,"showImageEffects":true,"showParticleSystems":true,"showVisualEffectGraphs":true,"m_FxEnabled":true},"in2DMode":false,"pivot":{"x":1.0910160541534424,"y":-0.043387413024902347,"z":0.0529780387878418},"rotation":{"x":-0.336325079202652,"y":-0.26939451694488528,"z":0.10099993646144867,"w":-0.8967318534851074},"size":6.291808128356934,"orthographic":false}